"Reference","Value","Qty","Footprint","LCSC Part #","MFR Part #","Manufacturer","Datasheet"
"C101,C105,C106","100n","3","Capacitor_SMD:C_0402_1005Metric","C1525","CL05B104KO5NNNC","Samsung Electro-Mechanics","https://datasheet.lcsc.com/lcsc/2304140030_Samsung-Electro-Mechanics-CL05B104KO5NNNC_C1525.pdf"
"D104","Green","1","LED_SMD:LED_0805_2012Metric","C2297","KT-0805G","Hubei KENTO Elec","https://jlcpcb.com/api/file/downloadByFileSystemAccessId/8639582106239348736"
"U102","AMS1117-3.3","1","Package_TO_SOT_SMD:SOT-223-3_TabPin2","C6186","AMS1117-3.3","Advanced Monolithic Systems","http://www.advanced-monolithic.com/pdf/ds1117.pdf"
"C104,C111","10u","2","Capacitor_Tantalum_SMD:CP_EIA-3216-18_Kemet-A","C7171","TAJA106K016RNJ","",""
"C103,C110","100n","2","Capacitor_SMD:C_0603_1608Metric","C14663","CC0603KRX7R9BB104","YAGEO","https://jlcpcb.com/api/file/downloadByFileSystemAccessId/8579707083955945472"
"L101,L102","Ferrite Bead","2","Inductor_SMD:L_0603_1608Metric","C14709","BLM18PG121SN1D","Murata Electronics","https://jlcpcb.com/api/file/downloadByFileSystemAccessId/8588900229559300096"
"C102","10u","1","Capacitor_SMD:C_0402_1005Metric","C15525","CL05A106MQ5NUNC","Samsung Electro-Mechanics","https://datasheet.lcsc.com/lcsc/2208231630_Samsung-Electro-Mechanics-CL05A106MQ5NUNC_C15525.pdf"
"U103","USBLC6-2P6","1","Package_TO_SOT_SMD:SOT-666","C15999","USBLC6-2P6","STMicroeletronics","https://www.st.com/resource/en/datasheet/usblc6-2.pdf"
"R116","0","1","Resistor_SMD:R_0402_1005Metric","C17168","0402WGF0000TCE","UNI-ROYAL(Uniroyal Elec)","https://jlcpcb.com/api/file/downloadByFileSystemAccessId/8579705904671227904"
"R101,R102,R104,R106","390","4","Resistor_SMD:R_0603_1608Metric","C23151","0603WAF3900T5E","UNI-ROYAL(Uniroyal Elec)","https://datasheet.lcsc.com/lcsc/2206010116_UNI-ROYAL-Uniroyal-Elec-0603WAF3900T5E_C23151.pdf"
"R112,R113","22","2","Resistor_SMD:R_0402_1005Metric","C25092","0402WGF220JTCE","UNI-ROYAL(Uniroyal Elec)","https://jlcpcb.com/api/file/downloadByFileSystemAccessId/8579705904671227904"
"R114,R115","680","2","Resistor_SMD:R_0402_1005Metric","C25130","0402WGF6800TCE","UNI-ROYAL(Uniroyal Elec)","https://jlcpcb.com/api/file/downloadByFileSystemAccessId/8579706055238078464"
"R103,R108,R109,R117,R118","10k","5","Resistor_SMD:R_0402_1005Metric","C25744","0402WGF1002TCE","UNI-ROYAL(Uniroyal Elec)","https://datasheet.lcsc.com/lcsc/2206010100_UNI-ROYAL-Uniroyal-Elec-0402WGF1002TCE_C25744.pdf"
"R105,R107","4.7k","2","Resistor_SMD:R_0402_1005Metric","C25900","0402WGF4701TCE","UNI-ROYAL(Uniroyal Elec)","https://datasheet.lcsc.com/lcsc/2206010045_UNI-ROYAL-Uniroyal-Elec-0402WGF4701TCE_C25900.pdf"
"R110,R111","5.1k","2","Resistor_SMD:R_0402_1005Metric","C25905","0402WGF5101TCE","UNI-ROYAL(Uniroyal Elec)","https://datasheet.lcsc.com/lcsc/2206010045_UNI-ROYAL-Uniroyal-Elec-0402WGF5101TCE_C25905.pdf"
"C107","1u","1","Capacitor_SMD:C_0402_1005Metric","C52923","CL05A105KA5NQNC","Samsung Electro-Mechanics","https://datasheet.lcsc.com/lcsc/2304140030_Samsung-Electro-Mechanics-CL05A105KA5NQNC_C52923.pdf"
"D103","Red","1","LED_SMD:LED_0805_2012Metric","C84256","NCD0805R1","Foshan NationStar Optoelectronics","https://jlcpcb.com/api/file/downloadByFileSystemAccessId/8550724080677908480"
"J103","Conn_01x04","1","Connector_Molex:Molex_PicoBlade_53261-0471_1x04-1MP_P1.25mm_Horizontal","C240847","532610471","MOLEX","https://www.molex.com/content/dam/molex/molex-dot-com/products/automated/en-us/salesdrawingpdf/532/53261/532610471_sd.pdf?inline"
"SW101,SW102","TS-1187A-B-A-B","2","Button_Switch_SMD:SW_Push_1P1T_XKB_TS-1187A","C318884","TS-1187A-B-A-B","XKB Connectivity","https://datasheet.lcsc.com/lcsc/2304140030_XKB-Connectivity-TS-1187A-B-A-B_C318884.pdf"
"D101,D102","TPD1E05U06","2","Package_SON:Texas_DPY0002A_0.6x1mm_P0.65mm","C436349","TPD1E05U06DPYR","Texas Instruments","https://www.ti.com/lit/ds/symlink/tpd4e05u06.pdf"
"K101,K102,K103,K104","G3VM-61D1","4","Package_DIP:DIP-4_W8.89mm_SMDSocket_LongPads","C469131","G3VM-61D1(TR)","Omron Electronics","https://www.omron.com/ecb/products/pdf/en-g3vm_61a1_d1.pdf"
"J102","Conn_02x09_Odd_Even","1","Connector_PinHeader_2.54mm:PinHeader_2x09_P2.54mm_Horizontal","C2894989","PZ254-2-09-W-8.5","HCTL","https://jlcpcb.com/api/file/downloadByFileSystemAccessId/8588944235408338944"
"U101","ESP32-C3-WROOM-02U","1","RF_Module:ESP32-C3-WROOM-02U","C2926676","ESP32-C3-WROOM-02U-N4","Espressif Systems","https://www.espressif.com/sites/default/files/documentation/esp32-c3-wroom-02_datasheet_en.pdf"
"J105","GT-USB-7010ASV","1","Connector_USB:USB_C_Receptacle_G-Switch_GT-USB-7010ASV","C2988369","GT-USB-7010ASV","G-Switch","https://datasheet.lcsc.com/lcsc/2303271630_G-Switch-GT-USB-7010ASV_C2988369.pdf"
"U104","TPS2116DRL","1","Package_TO_SOT_SMD:SOT-583-8","C3235557","TPS2116DRLR","Texas Instruments","https://www.ti.com/lit/ds/symlink/tps2116.pdf"
"D105,D106","SMF5.0A","2","Diode_SMD:D_SOD-123F","C19077497","SMF5.0A","hongjiacheng","https://jlcpcb.com/api/file/downloadByFileSystemAccessId/8564880887079854080"
"J101","Conn_ARM_JTAG_SWD_10","1","Connector_PinHeader_1.27mm:PinHeader_2x05_P1.27mm_Vertical_SMD","C41376037","HX PZ1.27-2x5P TP","hanxia","http://infocenter.arm.com/help/topic/com.arm.doc.ddi0314h/DDI0314H_coresight_components_trm.pdf"
